<graph id="Graph">
  <version>1.0</version>
  <node id="Read">
    <operator>Read</operator>
    <sources/>
    <parameters class="com.bc.ceres.binding.dom.XppDomElement">
      <useAdvancedOptions>false</useAdvancedOptions>
      <file>/data/wangfengmao_file/input/S1A_IW_SLC__1SDV_20211229T231926_20211229T231953_041230_04E66A_3DBE.SAFE/manifest.safe</file>
      <copyMetadata>true</copyMetadata>
      <bandNames/>
      <pixelRegion>0,0,71520,13625</pixelRegion>
      <maskNames/>
    </parameters>
  </node>
  <node id="Read(2)">
    <operator>Read</operator>
    <sources/>
    <parameters class="com.bc.ceres.binding.dom.XppDomElement">
      <useAdvancedOptions>false</useAdvancedOptions>
      <file>/data/wangfengmao_file/input/S1A_IW_SLC__1SDV_20220110T231926_20220110T231953_041405_04EC57_103E.SAFE/manifest.safe</file>
      <copyMetadata>true</copyMetadata>
      <bandNames/>
      <pixelRegion>0,0,71520,13625</pixelRegion>
      <maskNames/>
    </parameters>
  </node>
  <node id="TOPSAR-Split">
    <operator>TOPSAR-Split</operator>
    <sources>
      <sourceProduct refid="Read"/>
    </sources>
    <parameters class="com.bc.ceres.binding.dom.XppDomElement">
      <subswath>IW2</subswath>
      <selectedPolarisations>VV</selectedPolarisations>
      <firstBurstIndex>1</firstBurstIndex>
      <lastBurstIndex>3</lastBurstIndex>
      <wktAoi/>
    </parameters>
  </node>
  <node id="TOPSAR-Split(2)">
    <operator>TOPSAR-Split</operator>
    <sources>
      <sourceProduct refid="Read(2)"/>
    </sources>
    <parameters class="com.bc.ceres.binding.dom.XppDomElement">
      <subswath>IW2</subswath>
      <selectedPolarisations>VV</selectedPolarisations>
      <firstBurstIndex>1</firstBurstIndex>
      <lastBurstIndex>3</lastBurstIndex>
      <wktAoi/>
    </parameters>
  </node>
  <node id="Apply-Orbit-File">
    <operator>Apply-Orbit-File</operator>
    <sources>
      <sourceProduct refid="TOPSAR-Split(2)"/>
    </sources>
    <parameters class="com.bc.ceres.binding.dom.XppDomElement">
      <orbitType>Sentinel Precise (Auto Download)</orbitType>
      <polyDegree>3</polyDegree>
      <continueOnFail>false</continueOnFail>
    </parameters>
  </node>
  <node id="Apply-Orbit-File(2)">
    <operator>Apply-Orbit-File</operator>
    <sources>
      <sourceProduct refid="TOPSAR-Split"/>
    </sources>
    <parameters class="com.bc.ceres.binding.dom.XppDomElement">
      <orbitType>Sentinel Precise (Auto Download)</orbitType>
      <polyDegree>3</polyDegree>
      <continueOnFail>false</continueOnFail>
    </parameters>
  </node>
  <node id="Back-Geocoding">
    <operator>Back-Geocoding</operator>
    <sources>
      <sourceProduct refid="Apply-Orbit-File"/>
      <sourceProduct.1 refid="Apply-Orbit-File(2)"/>
    </sources>
    <parameters class="com.bc.ceres.binding.dom.XppDomElement">
      <demName>External DEM</demName>
      <demResamplingMethod>BICUBIC_INTERPOLATION</demResamplingMethod>
      <externalDEMFile>/data/wangfengmao_file/dem/utm_srtm_57_05.tif</externalDEMFile>
      <externalDEMNoDataValue>0.0</externalDEMNoDataValue>
      <resamplingType>BICUBIC_INTERPOLATION</resamplingType>
      <maskOutAreaWithoutElevation>true</maskOutAreaWithoutElevation>
      <outputRangeAzimuthOffset>false</outputRangeAzimuthOffset>
      <outputDerampDemodPhase>false</outputDerampDemodPhase>
      <disableReramp>false</disableReramp>
    </parameters>
  </node>
  <node id="Enhanced-Spectral-Diversity">
    <operator>Enhanced-Spectral-Diversity</operator>
    <sources>
      <sourceProduct refid="Back-Geocoding"/>
    </sources>
    <parameters class="com.bc.ceres.binding.dom.XppDomElement">
      <fineWinWidthStr>512</fineWinWidthStr>
      <fineWinHeightStr>512</fineWinHeightStr>
      <fineWinAccAzimuth>16</fineWinAccAzimuth>
      <fineWinAccRange>16</fineWinAccRange>
      <fineWinOversampling>128</fineWinOversampling>
      <xCorrThreshold>0.1</xCorrThreshold>
      <cohThreshold>0.3</cohThreshold>
      <numBlocksPerOverlap>10</numBlocksPerOverlap>
      <esdEstimator>Periodogram</esdEstimator>
      <weightFunc>Inv Quadratic</weightFunc>
      <temporalBaselineType>Number of images</temporalBaselineType>
      <maxTemporalBaseline>4</maxTemporalBaseline>
      <integrationMethod>L1 and L2</integrationMethod>
      <doNotWriteTargetBands>false</doNotWriteTargetBands>
      <useSuppliedRangeShift>false</useSuppliedRangeShift>
      <overallRangeShift>0.0</overallRangeShift>
      <useSuppliedAzimuthShift>false</useSuppliedAzimuthShift>
      <overallAzimuthShift>0.0</overallAzimuthShift>
    </parameters>
  </node>
  <node id="TOPSAR-Deburst">
    <operator>TOPSAR-Deburst</operator>
    <sources>
      <sourceProduct refid="Enhanced-Spectral-Diversity"/>
    </sources>
    <parameters class="com.bc.ceres.binding.dom.XppDomElement">
      <selectedPolarisations/>
    </parameters>
  </node>
  <node id="Interferogram">
    <operator>Interferogram</operator>
    <sources>
      <sourceProduct refid="TOPSAR-Deburst"/>
    </sources>
    <parameters class="com.bc.ceres.binding.dom.XppDomElement">
      <subtractFlatEarthPhase>true</subtractFlatEarthPhase>
      <srpPolynomialDegree>5</srpPolynomialDegree>
      <srpNumberPoints>501</srpNumberPoints>
      <orbitDegree>3</orbitDegree>
      <includeCoherence>true</includeCoherence>
      <cohWinAz>3</cohWinAz>
      <cohWinRg>10</cohWinRg>
      <squarePixel>true</squarePixel>
      <subtractTopographicPhase>true</subtractTopographicPhase>
      <demName>External DEM</demName>
      <externalDEMFile>/data/wangfengmao_file/dem/utm_srtm_57_05.tif</externalDEMFile>
      <externalDEMNoDataValue>0.0</externalDEMNoDataValue>
      <externalDEMApplyEGM>true</externalDEMApplyEGM>
      <tileExtensionPercent>100</tileExtensionPercent>
      <outputFlatEarthPhase>false</outputFlatEarthPhase>
      <outputTopoPhase>false</outputTopoPhase>
      <outputElevation>false</outputElevation>
      <outputLatLon>false</outputLatLon>
    </parameters>
  </node>
  <node id="SnaphuExport">
    <operator>SnaphuExport</operator>
    <sources>
      <sourceProduct refid="Interferogram"/>
    </sources>
    <parameters class="com.bc.ceres.binding.dom.XppDomElement">
      <targetFolder>/data/wangfengmao_file/Unwrapping</targetFolder>
      <statCostMode>DEFO</statCostMode>
      <initMethod>MST</initMethod>
      <numberOfTileRows>10</numberOfTileRows>
      <numberOfTileCols>10</numberOfTileCols>
      <numberOfProcessors>4</numberOfProcessors>
      <rowOverlap>200</rowOverlap>
      <colOverlap>200</colOverlap>
      <tileCostThreshold>500</tileCostThreshold>
    </parameters>
  </node>
  <node id="Write">
    <operator>Write</operator>
    <sources>
      <sourceProduct refid="Interferogram"/>
    </sources>
    <parameters class="com.bc.ceres.binding.dom.XppDomElement">
      <file>/data/wangfengmao_file/output/S1A_IW_SLC__1SDV_20220110T231926_20220110T231953_041405_04EC57_103E_Orb_Stack_Deb_Ifg.dim</file>
      <formatName>BEAM-DIMAP</formatName>
    </parameters>
  </node>
  <applicationData id="Presentation">
    <Description/>
    <node id="Read">
            <displayPosition x="14.0" y="13.0"/>
    </node>
    <node id="Read(2)">
      <displayPosition x="13.0" y="54.0"/>
    </node>
    <node id="TOPSAR-Split">
      <displayPosition x="92.0" y="13.0"/>
    </node>
    <node id="TOPSAR-Split(2)">
      <displayPosition x="89.0" y="55.0"/>
    </node>
    <node id="Apply-Orbit-File">
      <displayPosition x="195.0" y="55.0"/>
    </node>
    <node id="Apply-Orbit-File(2)">
      <displayPosition x="183.0" y="13.0"/>
    </node>
    <node id="Back-Geocoding">
      <displayPosition x="313.0" y="36.0"/>
    </node>
    <node id="Enhanced-Spectral-Diversity">
      <displayPosition x="421.0" y="37.0"/>
    </node>
    <node id="TOPSAR-Deburst">
      <displayPosition x="484.0" y="72.0"/>
    </node>
    <node id="Interferogram">
      <displayPosition x="495.0" y="107.0"/>
    </node>
    <node id="SnaphuExport">
      <displayPosition x="494.0" y="141.0"/>
    </node>
    <node id="Write">
      <displayPosition x="426.0" y="107.0"/>
    </node>
  </applicationData>
</graph>