<graph id="Graph">
  <version>1.0</version>
  <node id="Read">
    <operator>Read</operator>
    <sources/>
    <parameters class="com.bc.ceres.binding.dom.XppDomElement">
      <useAdvancedOptions>false</useAdvancedOptions>
      <file>X:\data\snap\menyuan_GUI\output_GUI\output\S1A_IW_SLC__1SDV_20220110T231926_20220110T231953_041405_04EC57_103E_Orb_Stack_Deb_Ifg_ML_Flt_GPF_Unwrapping.dim</file>
      <copyMetadata>true</copyMetadata>
      <bandNames/>
      <pixelRegion>0,0,6357,2850</pixelRegion>
      <maskNames/>
    </parameters>
  </node>
  <node id="PhaseToDisplacement">
    <operator>PhaseToDisplacement</operator>
    <sources>
      <sourceProduct refid="Read"/>
    </sources>
    <parameters class="com.bc.ceres.binding.dom.XppDomElement"/>
  </node>
  <node id="Terrain-Correction">
    <operator>Terrain-Correction</operator>
    <sources>
      <sourceProduct refid="PhaseToDisplacement"/>
    </sources>
    <parameters class="com.bc.ceres.binding.dom.XppDomElement">
      <sourceBands/>
      <demName>External DEM</demName>
      <externalDEMFile>X:\data\snap\menyuan\dem\utm_srtm_57_05.tif</externalDEMFile>
      <externalDEMNoDataValue>0.0</externalDEMNoDataValue>
      <externalDEMApplyEGM>true</externalDEMApplyEGM>
      <demResamplingMethod>BILINEAR_INTERPOLATION</demResamplingMethod>
      <imgResamplingMethod>BILINEAR_INTERPOLATION</imgResamplingMethod>
      <pixelSpacingInMeter>14.647091246429817</pixelSpacingInMeter>
      <pixelSpacingInDegree>1.3157705934561156E-4</pixelSpacingInDegree>
      <mapProjection>GEOGCS[&quot;WGS84(DD)&quot;, &#xd;
  DATUM[&quot;WGS84&quot;, &#xd;
    SPHEROID[&quot;WGS84&quot;, 6378137.0, 298.257223563]], &#xd;
  PRIMEM[&quot;Greenwich&quot;, 0.0], &#xd;
  UNIT[&quot;degree&quot;, 0.017453292519943295], &#xd;
  AXIS[&quot;Geodetic longitude&quot;, EAST], &#xd;
  AXIS[&quot;Geodetic latitude&quot;, NORTH], &#xd;
  AUTHORITY[&quot;EPSG&quot;,&quot;4326&quot;]]</mapProjection>
      <alignToStandardGrid>false</alignToStandardGrid>
      <standardGridOriginX>0.0</standardGridOriginX>
      <standardGridOriginY>0.0</standardGridOriginY>
      <nodataValueAtSea>true</nodataValueAtSea>
      <saveDEM>false</saveDEM>
      <saveLatLon>false</saveLatLon>
      <saveIncidenceAngleFromEllipsoid>false</saveIncidenceAngleFromEllipsoid>
      <saveLocalIncidenceAngle>false</saveLocalIncidenceAngle>
      <saveProjectedLocalIncidenceAngle>false</saveProjectedLocalIncidenceAngle>
      <saveSelectedSourceBand>true</saveSelectedSourceBand>
      <saveLayoverShadowMask>false</saveLayoverShadowMask>
      <outputComplex>false</outputComplex>
      <applyRadiometricNormalization>false</applyRadiometricNormalization>
      <saveSigmaNought>false</saveSigmaNought>
      <saveGammaNought>false</saveGammaNought>
      <saveBetaNought>false</saveBetaNought>
      <incidenceAngleForSigma0>Use projected local incidence angle from DEM</incidenceAngleForSigma0>
      <incidenceAngleForGamma0>Use projected local incidence angle from DEM</incidenceAngleForGamma0>
      <auxFile>Latest Auxiliary File</auxFile>
      <externalAuxFile/>
    </parameters>
  </node>
  <node id="Write">
    <operator>Write</operator>
    <sources>
      <sourceProduct refid="Terrain-Correction"/>
    </sources>
    <parameters class="com.bc.ceres.binding.dom.XppDomElement">
      <file>X:\data\snap\menyuan_GUI\output_GUI\output\S1A_IW_SLC__1SDV_20220110T231926_20220110T231953_041405_04EC57_103E_Orb_Stack_Deb_Ifg_ML_Flt_GPF_Unwrapping_Disp_TC.dim</file>
      <formatName>BEAM-DIMAP</formatName>
    </parameters>
  </node>
  <applicationData id="Presentation">
    <Description/>
    <node id="Read">
            <displayPosition x="37.0" y="134.0"/>
    </node>
    <node id="PhaseToDisplacement">
      <displayPosition x="115.0" y="134.0"/>
    </node>
    <node id="Terrain-Correction">
      <displayPosition x="265.0" y="133.0"/>
    </node>
    <node id="Write">
            <displayPosition x="396.0" y="133.0"/>
    </node>
  </applicationData>
</graph>